week_start,attendees,first_timers,returning_runners,instagram_views,instagram_engagement,avg_temp_f,event_type
2024-01-01,24,8,16,817,77,54.6,Regular
2024-01-08,30,11,19,1017,103,50.3,Regular
2024-01-15,27,7,20,1153,53,56.6,Regular
2024-01-22,36,10,26,1339,91,52.6,Regular
2024-01-29,27,10,17,827,88,57.2,Regular
2024-02-05,28,6,22,1070,78,55.2,Regular
2024-02-12,23,6,17,1003,91,59.7,Regular
2024-02-19,30,10,20,922,87,58.5,Regular
2024-02-26,27,9,18,909,90,56.4,Regular
2024-03-04,29,8,21,940,81,64.6,Regular
2024-03-11,32,9,23,1488,126,69.6,Regular
2024-03-18,37,12,25,1247,153,64.2,Regular
2024-03-25,31,9,22,1199,116,67.5,Regular
2024-04-01,35,12,23,1532,155,74.5,Regular
2024-04-08,37,8,29,1545,94,72.6,Regular
2024-04-15,30,9,21,891,74,74.4,Regular
2024-04-22,36,8,28,1845,77,77.1,Regular
2024-04-29,33,9,24,1023,99,70.3,Regular
2024-05-06,42,10,32,1475,146,76.1,Regular
2024-05-13,38,11,27,1689,88,87.0,Regular
2024-05-20,33,8,25,1397,72,82.2,Regular
2024-05-27,49,12,37,1779,103,82.4,Regular
2024-06-03,14,5,9,576,34,94.4,Regular
2024-06-10,44,13,31,1547,183,85.7,Regular
2024-06-17,37,11,26,1765,81,88.5,Regular
2024-06-24,15,4,11,469,29,97.6,Regular
2024-07-01,33,11,22,1120,71,93.2,Regular
2024-07-08,35,13,22,1205,111,93.7,Regular
2024-07-15,27,6,21,1172,90,95.3,Regular
2024-07-22,36,11,25,1420,118,90.6,Regular
2024-07-29,58,13,45,1778,187,94.5,Brand Collab
2024-08-05,17,5,12,670,55,100.2,Regular
2024-08-12,37,11,26,1896,165,96.0,Regular
2024-08-19,28,6,22,1426,44,99.0,Regular
2024-08-26,31,10,21,917,101,94.3,Regular
2024-09-02,46,14,32,2477,180,87.8,Regular
2024-09-09,48,17,31,1729,185,84.3,Regular
2024-09-16,49,14,35,2037,187,86.5,Regular
2024-09-23,50,18,32,1651,166,91.5,Regular
2024-09-30,58,20,38,2555,217,86.4,Regular
2024-10-07,57,17,40,3035,147,74.1,Regular
2024-10-14,49,16,33,1790,192,75.2,Regular
2024-10-21,58,13,45,3184,138,79.5,Regular
2024-10-28,65,16,49,2469,153,78.9,Regular
2024-11-04,50,14,36,2733,197,67.0,Regular
2024-11-11,55,13,42,1739,151,65.2,Regular
2024-11-18,62,21,41,2748,230,67.5,Regular
2024-11-25,58,14,44,2949,152,68.4,Regular
2024-12-02,62,24,38,3027,214,54.2,Regular
2024-12-09,55,21,34,1652,214,60.1,Regular
2024-12-16,58,14,44,2536,152,58.6,Regular
2024-12-23,124,30,94,6482,312,57.5,Special Event
2024-12-30,103,26,77,5343,330,56.0,Brand Collab
2025-01-06,72,16,56,3592,275,54.0,Regular
2025-01-13,65,21,44,3454,262,59.0,Regular
2025-01-20,64,23,41,3299,272,51.6,Regular
2025-01-27,75,23,52,2718,285,55.8,Regular
2025-02-03,68,16,52,3679,198,58.5,Regular
2025-02-10,63,14,49,2676,281,56.4,Regular
2025-02-17,73,25,48,2258,252,62.4,Regular
2025-02-24,64,18,46,2676,182,57.7,Regular
2025-03-03,69,16,53,2935,250,65.1,Regular
2025-03-10,62,20,42,1853,214,65.8,Regular
2025-03-17,75,25,50,2726,211,67.9,Regular
2025-03-24,74,27,47,2912,291,64.3,Regular
2025-03-31,69,20,49,1933,185,61.2,Regular
2025-04-07,113,31,82,4583,377,71.0,Brand Collab
2025-04-14,81,29,52,2453,249,76.8,Regular
2025-04-21,71,18,53,3428,253,72.5,Regular
2025-04-28,79,24,55,4024,187,75.6,Regular
2025-05-05,79,28,51,3697,253,79.0,Regular
2025-05-12,83,21,62,2563,254,85.6,Regular
2025-05-19,88,26,62,2583,245,84.8,Regular
2025-05-26,80,18,62,3526,311,79.7,Regular
2025-06-02,59,16,43,2456,203,92.7,Regular
2025-06-09,72,24,48,2497,237,88.4,Regular
2025-06-16,63,18,45,2231,146,90.3,Regular
2025-06-23,64,23,41,2192,243,91.9,Regular
2025-06-30,108,34,74,4606,356,89.8,Brand Collab
2025-07-07,63,17,46,3221,226,97.5,Regular
2025-07-14,64,21,43,3094,262,94.8,Regular
2025-07-21,65,18,47,2207,156,94.2,Regular
2025-07-28,66,22,44,3058,205,94.4,Regular
2025-08-04,63,24,39,2434,222,98.4,Regular
2025-08-11,58,21,37,2347,127,99.5,Regular
2025-08-18,58,19,39,2802,242,97.2,Regular
2025-08-25,67,25,42,2852,271,96.0,Regular
2025-09-01,77,20,57,4130,183,90.9,Regular
2025-09-08,80,29,51,3686,270,89.4,Regular
2025-09-15,76,21,55,3663,177,91.8,Regular
2025-09-22,67,24,43,1922,176,90.7,Regular
